Country/Region,Confirmed,Deaths,Recovered,Active,New cases,New deaths,New recovered,Deaths / 100 Cases,Recovered / 100 Cases,Deaths / 100 Recovered,Confirmed last week,1 week change,1 week % increase,WHO Region
Afghanistan," 36,263 "," 1,269 "," 25,198 "," 9,796 ", 106 , 10 , 18 , 4 , 69 , 5 ," 35,526 ", 737 ,2.07,Eastern Mediterranean
Albania," 4,880 ", 144 ," 2,745 "," 1,991 ", 117 , 6 , 63 , 3 , 56 , 5 ," 4,171 ", 709 ,17.0,Europe
Algeria," 27,973 "," 1,163 "," 18,837 "," 7,973 ", 616 , 8 , 749 , 4 , 67 , 6 ," 23,691 "," 4,282 ",18.07,Africa
Andorra, 907 , 52 , 803 , 52 , 10 , -   , -   , 6 , 89 , 6 , 884 , 23 ,2.6,Europe
Angola, 950 , 41 , 242 , 667 , 18 , 1 , -   , 4 , 25 , 17 , 749 , 201 ,26.84,Africa
Antigua and Barbuda, 86 , 3 , 65 , 18 , 4 , -   , 5 , 3 , 76 , 5 , 76 , 10 ,13.16,Americas
Argentina," 167,416 "," 3,059 "," 72,575 "," 91,782 "," 4,890 ", 120 ," 2,057 ", 2 , 43 , 4 ," 130,774 "," 36,642 ",28.02,Americas
Armenia," 37,390 ", 711 ," 26,665 "," 10,014 ", 73 , 6 , 187 , 2 , 71 , 3 ," 34,981 "," 2,409 ",6.89,Europe
Australia," 15,303 ", 167 ," 9,311 "," 5,825 ", 368 , 6 , 137 , 1 , 61 , 2 ," 12,428 "," 2,875 ",23.13,Western Pacific
Austria," 20,558 ", 713 ," 18,246 "," 1,599 ", 86 , 1 , 37 , 3 , 89 , 4 ," 19,743 ", 815 ,4.13,Europe
Azerbaijan," 30,446 ", 423 ," 23,242 "," 6,781 ", 396 , 6 , 558 , 1 , 76 , 2 ," 27,890 "," 2,556 ",9.16,Europe
Bahamas, 382 , 11 , 91 , 280 , 40 , -   , -   , 3 , 24 , 12 , 174 , 208 ,119.54,Americas
Bahrain," 39,482 ", 141 ," 36,110 "," 3,231 ", 351 , 1 , 421 , 0 , 91 , 0 ," 36,936 "," 2,546 ",6.89,Eastern Mediterranean
Bangladesh," 226,225 "," 2,965 "," 125,683 "," 97,577 "," 2,772 ", 37 ," 1,801 ", 1 , 56 , 2 ," 207,453 "," 18,772 ",9.05,South-East Asia
Barbados, 110 , 7 , 94 , 9 , -   , -   , -   , 6 , 85 , 7 , 106 , 4 ,3.77,Americas
Belarus," 67,251 ", 538 ," 60,492 "," 6,221 ", 119 , 4 , 67 , 1 , 90 , 1 ," 66,213 "," 1,038 ",1.57,Europe
Belgium," 66,428 "," 9,822 "," 17,452 "," 39,154 ", 402 , 1 , 14 , 15 , 26 , 56 ," 64,094 "," 2,334 ",3.64,Europe
Belize, 48 , 2 , 26 , 20 , -   , -   , -   , 4 , 54 , 8 , 40 , 8 ,20.0,Americas
Benin," 1,770 ", 35 ," 1,036 ", 699 , -   , -   , -   , 2 , 59 , 3 ," 1,602 ", 168 ,10.49,Africa
Bhutan, 99 , -   , 86 , 13 , 4 , -   , 1 , -   , 87 , -   , 90 , 9 ,10.0,South-East Asia
Bolivia," 71,181 "," 2,647 "," 21,478 "," 47,056 "," 1,752 ", 64 , 309 , 4 , 30 , 12 ," 60,991 "," 10,190 ",16.71,Americas
Bosnia and Herzegovina," 10,498 ", 294 ," 4,930 "," 5,274 ", 731 , 14 , 375 , 3 , 47 , 6 ," 8,479 "," 2,019 ",23.81,Europe
Botswana, 739 , 2 , 63 , 674 , 53 , 1 , 11 , 0 , 9 , 3 , 522 , 217 ,41.57,Africa
Brazil," 2,442,375 "," 87,618 "," 1,846,641 "," 508,116 "," 23,284 ", 614 ," 33,728 ", 4 , 76 , 5 ," 2,118,646 "," 323,729 ",15.28,Americas
Brunei, 141 , 3 , 138 , -   , -   , -   , -   , 2 , 98 , 2 , 141 , -   ,0.0,Western Pacific
Bulgaria," 10,621 ", 347 ," 5,585 "," 4,689 ", 194 , 7 , 230 , 3 , 53 , 6 ," 8,929 "," 1,692 ",18.95,Europe
Burkina Faso," 1,100 ", 53 , 926 , 121 , 14 , -   , 6 , 5 , 84 , 6 ," 1,065 ", 35 ,3.29,Africa
Burma, 350 , 6 , 292 , 52 , -   , -   , 2 , 2 , 83 , 2 , 341 , 9 ,2.64,South-East Asia
Burundi, 378 , 1 , 301 , 76 , 17 , -   , 22 , 0 , 80 , 0 , 322 , 56 ,17.39,Africa
Cabo Verde," 2,328 ", 22 ," 1,550 ", 756 , 21 , -   , 103 , 1 , 67 , 1 ," 2,071 ", 257 ,12.41,Africa
Cambodia, 226 , -   , 147 , 79 , 1 , -   , 4 , -   , 65 , -   , 171 , 55 ,32.16,Western Pacific
Cameroon," 17,110 ", 391 ," 14,539 "," 2,180 ", 402 , 6 , -   , 2 , 85 , 3 ," 16,157 ", 953 ,5.9,Africa
Canada," 116,458 "," 8,944 ", -   ," 107,514 ", 682 , 11 , -   , 8 , -   , inf ," 112,925 "," 3,533 ",3.13,Americas
Central African Republic," 4,599 ", 59 ," 1,546 "," 2,994 ", -   , -   , -   , 1 , 34 , 4 ," 4,548 ", 51 ,1.12,Africa
Chad, 922 , 75 , 810 , 37 , 7 , -   , -   , 8 , 88 , 9 , 889 , 33 ,3.71,Africa
Chile," 347,923 "," 9,187 "," 319,954 "," 18,782 "," 2,133 ", 75 ," 1,859 ", 3 , 92 , 3 ," 333,029 "," 14,894 ",4.47,Americas
China," 86,783 "," 4,656 "," 78,869 "," 3,258 ", 213 , 4 , 7 , 5 , 91 , 6 ," 85,622 "," 1,161 ",1.36,Western Pacific
Colombia," 257,101 "," 8,777 "," 131,161 "," 117,163 "," 16,306 ", 508 ," 11,494 ", 3 , 51 , 7 ," 204,005 "," 53,096 ",26.03,Americas
Comoros, 354 , 7 , 328 , 19 , -   , -   , -   , 2 , 93 , 2 , 334 , 20 ,5.99,Africa
Congo (Brazzaville)," 3,200 ", 54 , 829 ," 2,317 ", 162 , 3 , 73 , 2 , 26 , 7 ," 2,851 ", 349 ,12.24,Africa
Congo (Kinshasa)," 8,844 ", 208 ," 5,700 "," 2,936 ", 13 , 4 , 190 , 2 , 64 , 4 ," 8,443 ", 401 ,4.75,Africa
Costa Rica," 15,841 ", 115 ," 3,824 "," 11,902 ", 612 , 11 , 88 , 1 , 24 , 3 ," 11,534 "," 4,307 ",37.34,Americas
Cote d'Ivoire," 15,655 ", 96 ," 10,361 "," 5,198 ", 59 , -   , 183 , 1 , 66 , 1 ," 14,312 "," 1,343 ",9.38,Africa
Croatia," 4,881 ", 139 ," 3,936 ", 806 , 24 , 3 , 70 , 3 , 81 , 4 ," 4,370 ", 511 ,11.69,Europe
Cuba," 2,532 ", 87 ," 2,351 ", 94 , 37 , -   , 2 , 3 , 93 , 4 ," 2,446 ", 86 ,3.52,Americas
Cyprus," 1,060 ", 19 , 852 , 189 , 3 , -   , -   , 2 , 80 , 2 ," 1,038 ", 22 ,2.12,Europe
Czechia," 15,516 ", 373 ," 11,428 "," 3,715 ", 192 , 2 , -   , 2 , 74 , 3 ," 14,098 "," 1,418 ",10.06,Europe
Denmark," 13,761 ", 613 ," 12,605 ", 543 , 109 , -   , 77 , 4 , 92 , 5 ," 13,453 ", 308 ,2.29,Europe
Djibouti," 5,059 ", 58 ," 4,977 ", 24 , 9 , -   , 11 , 1 , 98 , 1 ," 5,020 ", 39 ,0.78,Eastern Mediterranean
Dominica, 18 , -   , 18 , -   , -   , -   , -   , -   , 100 , -   , 18 , -   ,0.0,Americas
Dominican Republic," 64,156 "," 1,083 "," 30,204 "," 32,869 "," 1,248 ", 20 ," 1,601 ", 2 , 47 , 4 ," 53,956 "," 10,200 ",18.9,Americas
Ecuador," 81,161 "," 5,532 "," 34,896 "," 40,733 ", 467 , 17 , -   , 7 , 43 , 16 ," 74,620 "," 6,541 ",8.77,Americas
Egypt," 92,482 "," 4,652 "," 34,838 "," 52,992 ", 420 , 46 ," 1,007 ", 5 , 38 , 13 ," 88,402 "," 4,080 ",4.62,Eastern Mediterranean
El Salvador," 15,035 ", 408 ," 7,778 "," 6,849 ", 405 , 8 , 130 , 3 , 52 , 5 ," 12,207 "," 2,828 ",23.17,Americas
Equatorial Guinea," 3,071 ", 51 , 842 ," 2,178 ", -   , -   , -   , 2 , 27 , 6 ," 3,071 ", -   ,0.0,Africa
Eritrea, 265 , -   , 191 , 74 , 2 , -   , 2 , -   , 72 , -   , 251 , 14 ,5.58,Africa
Estonia," 2,034 ", 69 ," 1,923 ", 42 , -   , -   , 1 , 3 , 95 , 4 ," 2,021 ", 13 ,0.64,Europe
Eswatini," 2,316 ", 34 ," 1,025 "," 1,257 ", 109 , 2 , 39 , 1 , 44 , 3 ," 1,826 ", 490 ,26.83,Africa
Ethiopia," 14,547 ", 228 ," 6,386 "," 7,933 ", 579 , 5 , 170 , 2 , 44 , 4 ," 10,207 "," 4,340 ",42.52,Africa
Fiji, 27 , -   , 18 , 9 , -   , -   , -   , -   , 67 , -   , 27 , -   ,0.0,Western Pacific
Finland," 7,398 ", 329 ," 6,920 ", 149 , 5 , -   , -   , 4 , 94 , 5 ," 7,340 ", 58 ,0.79,Europe
France," 220,352 "," 30,212 "," 81,212 "," 108,928 "," 2,551 ", 17 , 267 , 14 , 37 , 37 ," 214,023 "," 6,329 ",2.96,Europe
Gabon," 7,189 ", 49 ," 4,682 "," 2,458 ", 205 , -   , 219 , 1 , 65 , 1 ," 6,433 ", 756 ,11.75,Africa
Gambia, 326 , 8 , 66 , 252 , 49 , 2 , 6 , 2 , 20 , 12 , 112 , 214 ,191.07,Africa
Georgia," 1,137 ", 16 , 922 , 199 , 6 , -   , 2 , 1 , 81 , 2 ," 1,039 ", 98 ,9.43,Europe
Germany," 207,112 "," 9,125 "," 190,314 "," 7,673 ", 445 , 1 , 259 , 4 , 92 , 5 ," 203,325 "," 3,787 ",1.86,Europe
Ghana," 33,624 ", 168 ," 29,801 "," 3,655 ", 655 , -   , 307 , 1 , 89 , 1 ," 28,430 "," 5,194 ",18.27,Africa
Greece," 4,227 ", 202 ," 1,374 "," 2,651 ", 34 , -   , -   , 5 , 33 , 15 ," 4,012 ", 215 ,5.36,Europe
Greenland, 14 , -   , 13 , 1 , 1 , -   , -   , -   , 93 , -   , 13 , 1 ,7.69,Europe
Grenada, 23 , -   , 23 , -   , -   , -   , -   , -   , 100 , -   , 23 , -   ,0.0,Americas
Guatemala," 45,309 "," 1,761 "," 32,455 "," 11,093 ", 256 , 27 , 843 , 4 , 72 , 5 ," 39,039 "," 6,270 ",16.06,Americas
Guinea," 7,055 ", 45 ," 6,257 ", 753 , 47 , 2 , 105 , 1 , 89 , 1 ," 6,590 ", 465 ,7.06,Africa
Guinea-Bissau," 1,954 ", 26 , 803 ," 1,125 ", -   , -   , -   , 1 , 41 , 3 ," 1,949 ", 5 ,0.26,Africa
Guyana, 389 , 20 , 181 , 188 , 19 , -   , -   , 5 , 47 , 11 , 337 , 52 ,15.43,Americas
Haiti," 7,340 ", 158 ," 4,365 "," 2,817 ", 25 , 1 , -   , 2 , 59 , 4 ," 7,053 ", 287 ,4.07,Americas
Holy See, 12 , -   , 12 , -   , -   , -   , -   , -   , 100 , -   , 12 , -   ,0.0,Europe
Honduras," 39,741 "," 1,166 "," 5,039 "," 33,536 ", 465 , 50 , 117 , 3 , 13 , 23 ," 34,611 "," 5,130 ",14.82,Americas
Hungary," 4,448 ", 596 ," 3,329 ", 523 , 13 , -   , -   , 13 , 75 , 18 ," 4,339 ", 109 ,2.51,Europe
Iceland," 1,854 ", 10 ," 1,823 ", 21 , 7 , -   , -   , 1 , 98 , 1 ," 1,839 ", 15 ,0.82,Europe
India," 1,480,073 "," 33,408 "," 951,166 "," 495,499 "," 44,457 ", 637 ," 33,598 ", 2 , 64 , 4 ," 1,155,338 "," 324,735 ",28.11,South-East Asia
Indonesia," 100,303 "," 4,838 "," 58,173 "," 37,292 "," 1,525 ", 57 ," 1,518 ", 5 , 58 , 8 ," 88,214 "," 12,089 ",13.7,South-East Asia
Iran," 293,606 "," 15,912 "," 255,144 "," 22,550 "," 2,434 ", 212 ," 1,931 ", 5 , 87 , 6 ," 276,202 "," 17,404 ",6.3,Eastern Mediterranean
Iraq," 112,585 "," 4,458 "," 77,144 "," 30,983 "," 2,553 ", 96 ," 1,927 ", 4 , 69 , 6 ," 94,693 "," 17,892 ",18.89,Eastern Mediterranean
Ireland," 25,892 "," 1,764 "," 23,364 ", 764 , 11 , -   , -   , 7 , 90 , 8 ," 25,766 ", 126 ,0.49,Europe
Israel," 63,985 ", 474 ," 27,133 "," 36,378 "," 2,029 ", 4 , 108 , 1 , 42 , 2 ," 52,003 "," 11,982 ",23.04,Europe
Italy," 246,286 "," 35,112 "," 198,593 "," 12,581 ", 168 , 5 , 147 , 14 , 81 , 18 ," 244,624 "," 1,662 ",0.68,Europe
Jamaica, 853 , 10 , 714 , 129 , 11 , -   , -   , 1 , 84 , 1 , 809 , 44 ,5.44,Americas
Japan," 31,142 ", 998 ," 21,970 "," 8,174 ", 594 , -   , 364 , 3 , 71 , 5 ," 25,706 "," 5,436 ",21.15,Western Pacific
Jordan," 1,176 ", 11 ," 1,041 ", 124 , 8 , -   , -   , 1 , 89 , 1 ," 1,223 ", (47),-3.84,Eastern Mediterranean
Kazakhstan," 84,648 ", 585 ," 54,404 "," 29,659 "," 1,526 ", -   ," 1,833 ", 1 , 64 , 1 ," 73,468 "," 11,180 ",15.22,Europe
Kenya," 17,975 ", 285 ," 7,833 "," 9,857 ", 372 , 5 , 90 , 2 , 44 , 4 ," 13,771 "," 4,204 ",30.53,Africa
Kosovo," 7,413 ", 185 ," 4,027 "," 3,201 ", 496 , 16 , 274 , 3 , 54 , 5 ," 5,877 "," 1,536 ",26.14,Europe
Kuwait," 64,379 ", 438 ," 55,057 "," 8,884 ", 606 , 5 , 684 , 1 , 86 , 1 ," 59,763 "," 4,616 ",7.72,Eastern Mediterranean
Kyrgyzstan," 33,296 "," 1,301 "," 21,205 "," 10,790 ", 483 , 24 , 817 , 4 , 64 , 6 ," 27,143 "," 6,153 ",22.67,Europe
Laos, 20 , -   , 19 , 1 , -   , -   , -   , -   , 95 , -   , 19 , 1 ,5.26,Western Pacific
Latvia," 1,219 ", 31 ," 1,045 ", 143 , -   , -   , -   , 3 , 86 , 3 ," 1,192 ", 27 ,2.27,Europe
Lebanon," 3,882 ", 51 ," 1,709 "," 2,122 ", 132 , -   , 17 , 1 , 44 , 3 ," 2,905 ", 977 ,33.63,Eastern Mediterranean
Lesotho, 505 , 12 , 128 , 365 , -   , -   , -   , 2 , 25 , 9 , 359 , 146 ,40.67,Africa
Liberia," 1,167 ", 72 , 646 , 449 , 5 , -   , 5 , 6 , 55 , 11 ," 1,107 ", 60 ,5.42,Africa
Libya," 2,827 ", 64 , 577 ," 2,186 ", 158 , 4 , 24 , 2 , 20 , 11 ," 1,980 ", 847 ,42.78,Eastern Mediterranean
Liechtenstein, 86 , 1 , 81 , 4 , -   , -   , -   , 1 , 94 , 1 , 86 , -   ,0.0,Europe
Lithuania," 2,019 ", 80 ," 1,620 ", 319 , 11 , -   , 4 , 4 , 80 , 5 ," 1,947 ", 72 ,3.7,Europe
Luxembourg," 6,321 ", 112 ," 4,825 "," 1,384 ", 49 , -   , 178 , 2 , 76 , 2 ," 5,639 ", 682 ,12.09,Europe
Madagascar," 9,690 ", 91 ," 6,260 "," 3,339 ", 395 , 6 , 681 , 1 , 65 , 1 ," 7,153 "," 2,537 ",35.47,Africa
Malawi," 3,664 ", 99 ," 1,645 "," 1,920 ", 24 , -   , 6 , 3 , 45 , 6 ," 2,992 ", 672 ,22.46,Africa
Malaysia," 8,904 ", 124 ," 8,601 ", 179 , 7 , -   , 1 , 1 , 97 , 1 ," 8,800 ", 104 ,1.18,Western Pacific
Maldives," 3,369 ", 15 ," 2,547 ", 807 , 67 , -   , 19 , 0 , 76 , 1 ," 2,999 ", 370 ,12.34,South-East Asia
Mali," 2,513 ", 124 ," 1,913 ", 476 , 3 , 1 , 2 , 5 , 76 , 6 ," 2,475 ", 38 ,1.54,Africa
Malta, 701 , 9 , 665 , 27 , 1 , -   , -   , 1 , 95 , 1 , 677 , 24 ,3.55,Europe
Mauritania," 6,208 ", 156 ," 4,653 "," 1,399 ", 37 , -   , 223 , 3 , 75 , 3 ," 5,923 ", 285 ,4.81,Africa
Mauritius, 344 , 10 , 332 , 2 , -   , -   , -   , 3 , 97 , 3 , 343 , 1 ,0.29,Africa
Mexico," 395,489 "," 44,022 "," 303,810 "," 47,657 "," 4,973 ", 342 ," 8,588 ", 11 , 77 , 14 ," 349,396 "," 46,093 ",13.19,Americas
Moldova," 23,154 ", 748 ," 16,154 "," 6,252 ", 120 , 13 , 245 , 3 , 70 , 5 ," 21,115 "," 2,039 ",9.66,Europe
Monaco, 116 , 4 , 104 , 8 , -   , -   , -   , 3 , 90 , 4 , 109 , 7 ,6.42,Europe
Mongolia, 289 , -   , 222 , 67 , 1 , -   , 4 , -   , 77 , -   , 287 , 2 ,0.7,Western Pacific
Montenegro," 2,893 ", 45 , 809 ," 2,039 ", 94 , 2 , 70 , 2 , 28 , 6 ," 2,188 ", 705 ,32.22,Europe
Morocco," 20,887 ", 316 ," 16,553 "," 4,018 ", 609 , 3 , 115 , 2 , 79 , 2 ," 17,562 "," 3,325 ",18.93,Eastern Mediterranean
Mozambique," 1,701 ", 11 , -   ," 1,690 ", 32 , -   , -   , 1 , -   , inf ," 1,507 ", 194 ,12.87,Africa
Namibia," 1,843 ", 8 , 101 ," 1,734 ", 68 , -   , 26 , 0 , 5 , 8 ," 1,344 ", 499 ,37.13,Africa
Nepal," 18,752 ", 48 ," 13,754 "," 4,950 ", 139 , 3 , 626 , 0 , 73 , 0 ," 17,844 ", 908 ,5.09,South-East Asia
Netherlands," 53,413 "," 6,160 ", 189 ," 47,064 ", 419 , 1 , -   , 12 , 0 ," 3,259 "," 52,132 "," 1,281 ",2.46,Europe
New Zealand," 1,557 ", 22 ," 1,514 ", 21 , 1 , -   , 1 , 1 , 97 , 1 ," 1,555 ", 2 ,0.13,Western Pacific
Nicaragua," 3,439 ", 108 ," 2,492 ", 839 , -   , -   , -   , 3 , 72 , 4 ," 3,147 ", 292 ,9.28,Americas
Niger," 1,132 ", 69 ," 1,027 ", 36 , -   , -   , -   , 6 , 91 , 7 ," 1,105 ", 27 ,2.44,Africa
Nigeria," 41,180 ", 860 ," 18,203 "," 22,117 ", 648 , 2 , 829 , 2 , 44 , 5 ," 37,225 "," 3,955 ",10.62,Africa
North Macedonia," 10,213 ", 466 ," 5,564 "," 4,183 ", 127 , 6 , 137 , 5 , 54 , 8 ," 9,249 ", 964 ,10.42,Europe
Norway," 9,132 ", 255 ," 8,752 ", 125 , 15 , -   , -   , 3 , 96 , 3 ," 9,034 ", 98 ,1.08,Europe
Oman," 77,058 ", 393 ," 57,028 "," 19,637 "," 1,053 ", 9 ," 1,729 ", 1 , 74 , 1 ," 68,400 "," 8,658 ",12.66,Eastern Mediterranean
Pakistan," 274,289 "," 5,842 "," 241,026 "," 27,421 "," 1,176 ", 20 ," 3,592 ", 2 , 88 , 2 ," 266,096 "," 8,193 ",3.08,Eastern Mediterranean
Panama," 61,442 "," 1,322 "," 35,086 "," 25,034 "," 1,146 ", 28 , 955 , 2 , 57 , 4 ," 54,426 "," 7,016 ",12.89,Americas
Papua New Guinea, 62 , -   , 11 , 51 , -   , -   , -   , -   , 18 , -   , 19 , 43 ,226.32,Western Pacific
Paraguay," 4,548 ", 43 ," 2,905 "," 1,600 ", 104 , 2 , 111 , 1 , 64 , 1 ," 3,748 ", 800 ,21.34,Americas
Peru," 389,717 "," 18,418 "," 272,547 "," 98,752 "," 13,756 ", 575 ," 4,697 ", 5 , 70 , 7 ," 357,681 "," 32,036 ",8.96,Americas
Philippines," 82,040 "," 1,945 "," 26,446 "," 53,649 "," 1,592 ", 13 , 336 , 2 , 32 , 7 ," 68,898 "," 13,142 ",19.07,Western Pacific
Poland," 43,402 "," 1,676 "," 32,856 "," 8,870 ", 337 , 5 , 103 , 4 , 76 , 5 ," 40,383 "," 3,019 ",7.48,Europe
Portugal," 50,299 "," 1,719 "," 35,375 "," 13,205 ", 135 , 2 , 158 , 3 , 70 , 5 ," 48,771 "," 1,528 ",3.13,Europe
Qatar," 109,597 ", 165 ," 106,328 "," 3,104 ", 292 , -   , 304 , 0 , 97 , 0 ," 107,037 "," 2,560 ",2.39,Eastern Mediterranean
Romania," 45,902 "," 2,206 "," 25,794 "," 17,902 "," 1,104 ", 19 , 151 , 5 , 56 , 9 ," 38,139 "," 7,763 ",20.35,Europe
Russia," 816,680 "," 13,334 "," 602,249 "," 201,097 "," 5,607 ", 85 ," 3,077 ", 2 , 74 , 2 ," 776,212 "," 40,468 ",5.21,Europe
Rwanda," 1,879 ", 5 , 975 , 899 , 58 , -   , 57 , 0 , 52 , 1 ," 1,629 ", 250 ,15.35,Africa
Saint Kitts and Nevis, 17 , -   , 15 , 2 , -   , -   , -   , -   , 88 , -   , 17 , -   ,0.0,Americas
Saint Lucia, 24 , -   , 22 , 2 , -   , -   , -   , -   , 92 , -   , 23 , 1 ,4.35,Americas
Saint Vincent and the Grenadines, 52 , -   , 39 , 13 , -   , -   , -   , -   , 75 , -   , 50 , 2 ,4.0,Americas
San Marino, 699 , 42 , 657 , -   , -   , -   , -   , 6 , 94 , 6 , 699 , -   ,0.0,Europe
Sao Tome and Principe, 865 , 14 , 734 , 117 , 2 , -   , 38 , 2 , 85 , 2 , 746 , 119 ,15.95,Africa
Saudi Arabia," 268,934 "," 2,760 "," 222,936 "," 43,238 "," 1,993 ", 27 ," 2,613 ", 1 , 83 , 1 ," 253,349 "," 15,585 ",6.15,Eastern Mediterranean
Senegal," 9,764 ", 194 ," 6,477 "," 3,093 ", 83 , 3 , 68 , 2 , 66 , 3 ," 8,948 ", 816 ,9.12,Africa
Serbia," 24,141 ", 543 , -   ," 23,598 ", 411 , 9 , -   , 2 , -   , inf ," 21,253 "," 2,888 ",13.59,Europe
Seychelles, 114 , -   , 39 , 75 , -   , -   , -   , -   , 34 , -   , 108 , 6 ,5.56,Africa
Sierra Leone," 1,783 ", 66 ," 1,317 ", 400 , -   , -   , 4 , 4 , 74 , 5 ," 1,711 ", 72 ,4.21,Africa
Singapore," 50,838 ", 27 ," 45,692 "," 5,119 ", 469 , -   , 171 , 0 , 90 , 0 ," 48,035 "," 2,803 ",5.84,Western Pacific
Slovakia," 2,181 ", 28 ," 1,616 ", 537 , 2 , -   , 39 , 1 , 74 , 2 ," 1,980 ", 201 ,10.15,Europe
Slovenia," 2,087 ", 116 ," 1,733 ", 238 , 5 , -   , 55 , 6 , 83 , 7 ," 1,953 ", 134 ,6.86,Europe
Somalia," 3,196 ", 93 ," 1,543 "," 1,560 ", 18 , -   , 22 , 3 , 48 , 6 ," 3,130 ", 66 ,2.11,Eastern Mediterranean
South Africa," 452,529 "," 7,067 "," 274,925 "," 170,537 "," 7,096 ", 298 ," 9,848 ", 2 , 61 , 3 ," 373,628 "," 78,901 ",21.12,Africa
South Korea," 14,203 ", 300 ," 13,007 ", 896 , 28 , 1 , 102 , 2 , 92 , 2 ," 13,816 ", 387 ,2.8,Western Pacific
South Sudan," 2,305 ", 46 ," 1,175 "," 1,084 ", 43 , 1 , -   , 2 , 51 , 4 ," 2,211 ", 94 ,4.25,Africa
Spain," 272,421 "," 28,432 "," 150,376 "," 93,613 ", -   , -   , -   , 10 , 55 , 19 ," 264,836 "," 7,585 ",2.86,Europe
Sri Lanka," 2,805 ", 11 ," 2,121 ", 673 , 23 , -   , 15 , 0 , 76 , 1 ," 2,730 ", 75 ,2.75,South-East Asia
Sudan," 11,424 ", 720 ," 5,939 "," 4,765 ", 39 , 3 , 49 , 6 , 52 , 12 ," 10,992 ", 432 ,3.93,Eastern Mediterranean
Suriname," 1,483 ", 24 , 925 , 534 , 44 , 1 , 35 , 2 , 62 , 3 ," 1,079 ", 404 ,37.44,Americas
Sweden," 79,395 "," 5,700 ", -   ," 73,695 ", 398 , 3 , -   , 7 , -   , inf ," 78,048 "," 1,347 ",1.73,Europe
Switzerland," 34,477 "," 1,978 "," 30,900 "," 1,599 ", 65 , 1 , 200 , 6 , 90 , 6 ," 33,634 ", 843 ,2.51,Europe
Syria, 674 , 40 , -   , 634 , 24 , 2 , -   , 6 , -   , inf , 522 , 152 ,29.12,Eastern Mediterranean
Taiwan*, 462 , 7 , 440 , 15 , 4 , -   , -   , 2 , 95 , 2 , 451 , 11 ,2.44,Western Pacific
Tajikistan," 7,235 ", 60 ," 6,028 "," 1,147 ", 43 , 1 , 58 , 1 , 83 , 1 ," 6,921 ", 314 ,4.54,Europe
Tanzania, 509 , 21 , 183 , 305 , -   , -   , -   , 4 , 36 , 11 , 509 , -   ,0.0,Africa
Thailand," 3,297 ", 58 ," 3,111 ", 128 , 6 , -   , 2 , 2 , 94 , 2 ," 3,250 ", 47 ,1.45,South-East Asia
Timor-Leste, 24 , -   , -   , 24 , -   , -   , -   , -   , -   , -   , 24 , -   ,0.0,South-East Asia
Togo, 874 , 18 , 607 , 249 , 6 , -   , 8 , 2 , 69 , 3 , 783 , 91 ,11.62,Africa
Trinidad and Tobago, 148 , 8 , 128 , 12 , 1 , -   , -   , 5 , 86 , 6 , 137 , 11 ,8.03,Americas
Tunisia," 1,455 ", 50 ," 1,157 ", 248 , 3 , -   , 15 , 3 , 80 , 4 ," 1,381 ", 74 ,5.36,Eastern Mediterranean
Turkey," 227,019 "," 5,630 "," 210,469 "," 10,920 ", 919 , 17 , 982 , 2 , 93 , 3 ," 220,572 "," 6,447 ",2.92,Europe
US," 4,290,259 "," 148,011 "," 1,325,804 "," 2,816,444 "," 56,336 "," 1,076 "," 27,941 ", 3 , 31 , 11 ," 3,834,677 "," 455,582 ",11.88,Americas
Uganda," 1,128 ", 2 , 986 , 140 , 13 , -   , 4 , 0 , 87 , 0 ," 1,069 ", 59 ,5.52,Africa
Ukraine," 67,096 "," 1,636 "," 37,202 "," 28,258 ", 835 , 11 , 317 , 2 , 55 , 4 ," 60,767 "," 6,329 ",10.42,Europe
United Arab Emirates," 59,177 ", 345 ," 52,510 "," 6,322 ", 264 , 1 , 328 , 1 , 89 , 1 ," 57,193 "," 1,984 ",3.47,Eastern Mediterranean
United Kingdom," 301,708 "," 45,844 "," 1,437 "," 254,427 ", 688 , 7 , 3 , 15 , 0 ," 3,190 "," 296,944 "," 4,764 ",1.6,Europe
Uruguay," 1,202 ", 35 , 951 , 216 , 10 , 1 , 3 , 3 , 79 , 4 ," 1,064 ", 138 ,12.97,Americas
Uzbekistan," 21,209 ", 121 ," 11,674 "," 9,414 ", 678 , 5 , 569 , 1 , 55 , 1 ," 17,149 "," 4,060 ",23.67,Europe
Venezuela," 15,988 ", 146 ," 9,959 "," 5,883 ", 525 , 4 , 213 , 1 , 62 , 1 ," 12,334 "," 3,654 ",29.63,Americas
Vietnam, 431 , -   , 365 , 66 , 11 , -   , -   , -   , 85 , -   , 384 , 47 ,12.24,Western Pacific
West Bank and Gaza," 10,621 ", 78 ," 3,752 "," 6,791 ", 152 , 2 , -   , 1 , 35 , 2 ," 8,916 "," 1,705 ",19.12,Eastern Mediterranean
Western Sahara, 10 , 1 , 8 , 1 , -   , -   , -   , 10 , 80 , 13 , 10 , -   ,0.0,Africa
Yemen," 1,691 ", 483 , 833 , 375 , 10 , 4 , 36 , 29 , 49 , 58 ," 1,619 ", 72 ,4.45,Eastern Mediterranean
Zambia," 4,552 ", 140 ," 2,815 "," 1,597 ", 71 , 1 , 465 , 3 , 62 , 5 ," 3,326 "," 1,226 ",36.86,Africa
Zimbabwe," 2,704 ", 36 , 542 ," 2,126 ", 192 , 2 , 24 , 1 , 20 , 7 ," 1,713 ", 991 ,57.85,Africa
